phase,area,perimeter,la,sa,lao
qtz,2286.4624750353,186.195829826,66.0271578727,45.1097344848,70.5966361663
pl,4408.737485108,258.7534922533,99.0325508456,57.0292638885,70.9838566517
qtz,1122.9611801149,175.820733398,74.2477556638,20.8929991368,61.438247817
qtz,1005.3948471787,134.4266134978,45.2317811289,31.4894335885,85.08858696
qtz,11489.0685359044,398.5581339272,136.4450237818,108.0384222573,170.8398347415
ksp,2470.9199974008,201.257875069,73.5776133454,44.9378696452,123.2233473988
pl,5213.4587639989,283.1104102207,103.5672548513,65.1185765366,149.3975144579
pl,5951.2888534607,318.7742823271,103.1888879445,77.987760049,23.7588467353
pl,4406.5039055343,404.0658286839,187.0491335159,36.6114007055,82.108719667
qtz,24576.1765292312,729.0507896908,270.513244499,128.4023283063,76.1932882908
qtz,18642.9208333771,578.5915955717,189.4414898823,130.4686219843,39.6622484123
ksp,14092.363540772,554.4280905696,169.4788366248,112.4313103176,179.5835793636
pl,458.6764164292,97.3507658889,30.3148972058,23.5492535805,45.5735572516
pl,515.8121127283,92.2210866664,31.1753146804,21.9427134808,144.9504138745
pl,620.345215574,97.5482394864,31.3840859247,25.9252256988,118.9521542472
ksp,2072.1610670614,227.7817382178,83.7141233875,34.0000436108,53.366970854
qtz,1369.6973977536,157.2938601141,60.4061829071,30.3589350341,115.4472324978
pl,427.0295862053,101.0879839822,40.9414462411,13.9569486838,140.6422978854
ksp,563.679053791,136.6011752702,48.9738072379,17.9912601008,114.251730684
qtz,570.0844975841,100.2621238186,38.3473375219,19.4352125513,92.2767410465
pl,2140.8112308903,197.5709902793,62.4929972885,45.6225973034,167.2873064781
ksp,8157.6160859569,375.6932558431,109.7783381713,98.7818485327,121.8284791966
pl,11284.256815476,531.4971311871,153.2350429735,106.7562576807,101.7177333807
qtz,1419.8733741327,154.0445561952,62.605249685,29.3342680734,65.5510621756
qtz,3157.8837899885,234.632115133,85.468459406,48.3741010749,80.1547567702
pl,2611.2859196456,249.934378598,96.0548212977,38.0028022901,161.8469693926
pl,913.8433144794,124.3110195677,46.6670276227,26.0080744235,43.4485051778
pl,4504.0945605008,291.8345975394,118.7548575857,50.5680832875,58.5047317344
pl,3935.0776368822,311.5691885046,99.0652165048,60.6074896207,62.6877825665
pl,7253.0975216976,383.8375620083,118.3444259376,87.5650824357,60.722646746
pl,2697.7594108522,212.1761716464,68.33340498,53.6593159306,29.3246663955
pl,2947.5717187824,212.6664274268,79.4604218971,47.634245832,29.9164272145
qtz,744.0990539628,122.2979498441,43.0888735441,25.3338935754,8.02525659
ksp,599.9765686185,100.057305983,33.4558153692,23.9112019639,157.5
pl,2188.5266293024,190.7039968014,70.6707206956,41.700748456,162.9785104988
pl,834.8428410314,137.0759777701,44.4036468197,26.2791865644,24.3034388973
ksp,346.9615387918,73.6165807351,26.6049590579,16.965941345,83.6781338715
ksp,1290.6969243056,149.3286620266,54.0001166709,32.6951663684,83.6219478625
ksp,539.1248525842,92.1478259549,32.964463473,21.23958285,118.6245456587
pl,370.4481660331,93.1261960653,38.767617797,14.2452776193,159.7190671996
qtz,320.272189654,70.3219640014,24.1998571112,17.5100032424,96.5829992076
pl,274.3665091369,64.6693986355,22.2365902484,16.1412212366,55.7602953667
pl,908.8569110808,127.9554278023,44.1540375439,28.1473641734,32.4553643074
pl,3020.930153059,238.5205992113,68.4084096227,59.8938494023,14.34263158
ksp,1643.7505394081,173.3320331646,52.3781945043,41.6786968797,161.8806609025
qtz,10902.8685031249,530.5792427923,173.7771307595,92.0373827917,73.6871275201
pl,422.3491442903,91.4715348592,32.2777671025,17.7115087546,131.2976238185
ksp,1000.7619322198,133.2028703502,42.014870233,31.9729269468,114.8470827217
pl,1530.6658343642,152.8156434211,54.5803167458,36.7162751401,167.8107818249
ksp,1861.8829394914,201.0123379998,78.6861346052,32.2198261183,153.59536288
pl,1259.5618433651,226.8625013785,57.8783477017,34.9703955416,74.7432891522
ksp,1828.4721847947,200.5716916102,68.9658083223,36.5030134991,131.770799323
pl,8057.7292220154,518.1639367091,202.3247454085,69.1494224346,88.4991121149
qtz,197.2134387239,56.9068836469,20.3231804546,12.7060515514,116.198634502
qtz,1638.615226236,185.2610675543,75.0075405536,29.9487587465,136.3469214581
qtz,1466.5793671709,155.8399589772,55.4624314047,34.599925583,178.9415742503
qtz,4368.3597414308,453.958569544,120.8471525879,81.0063448823,58.8011227515
ksp,961.7449292286,144.8620097287,61.2302234234,21.5317690089,105.0898697415
ksp,2257.228723077,195.3514532936,63.0308839404,47.5242486495,146.1958037808
ksp,16375.8568363515,750.5924470339,168.2951812619,158.0737145199,94.7395470626
pl,1420.2648179201,160.3918253201,56.322326317,34.8425205926,37.4489330938
pl,2.846863908,15.9328081936,6.4605670932,0.6784286353,99.1300551664
pl,1324.4802250839,135.2736115411,43.4062606584,39.5363901127,46.2224930243
ksp,4933.0120112903,304.8136420831,95.3047357308,73.3505719912,115.5219476895
ksp,9582.1412562771,512.0150544741,140.434444159,103.6307116862,12.9506644209
ksp,7653.569020783,494.3154840412,138.0750935217,98.400140748,13.2658454502
pl,356.7932844745,92.5455995983,38.0164852717,12.9774928556,146.2873770182
pl,3222.4827533382,250.1528324582,87.7484939976,48.5515328805,143.2286792196
ksp,329.8283201858,75.7441651644,27.6752007685,15.8273994793,109.552052364
qtz,1127.650721691,152.1237694641,57.2115114794,26.5706167405,78.1087710789
pl,796.8024972754,118.1577090378,43.4781614274,25.1102240053,7.0792434083
pl,553.3558799491,121.9138681489,51.2671265312,14.5604864127,119.324576542
pl,177.9499637525,57.84515093,20.0763641644,12.1030162691,44.3509692176
ksp,580.5007358064,119.6458092983,50.5268941995,15.5772310449,161.9906601512
ksp,235.4022863699,60.7122897882,20.1314798772,15.4894597008,68.4106758855
ksp,1824.9535264371,200.8640731823,77.3683569071,33.7478793308,93.8373664951
ksp,25328.8896541649,1028.2765547288,264.4738224363,148.4202766053,99.0546793872
ksp,337.3469604956,71.8537324061,25.3448469909,17.2413360297,131.7971607536
ksp,8234.9295510991,515.7076788846,179.6175022094,67.9652522772,139.7580645294
pl,2178.2454887656,187.6189781269,68.5951485255,41.3429014671,74.3920529056
pl,1701.4394666127,178.724964531,61.577343197,37.0806875509,86.5835601298
ksp,11771.4828099994,573.0813609028,174.6373108462,96.2985246827,52.5723769992
pl,1430.8543048061,195.3213560137,62.1520480748,34.154792184,29.9216418413
pl,1151.3295511296,139.9938672249,52.7843298617,29.1817550594,139.152970024
pl,1633.8765735299,184.298445388,65.4348216931,35.1243639961,54.05825116
ksp,115.9892232171,45.0054764334,15.8298686227,9.9514753388,88.1983408062
ksp,11157.1277308068,534.7202651238,132.4342724126,118.5756388077,142.1149219971
ksp,549.4474171742,103.7769415613,33.7770644536,23.7295214045,33.0258990987
pl,4463.0907866122,312.2257616217,123.5606857262,49.6400210957,130.7162413894
ksp,4671.6392035622,316.7916437468,92.2327472939,68.7214660522,17.6746140144
qtz,395.5926354086,79.7841223035,25.8098537122,20.2167338395,40.1368611159
pl,1773.6926479532,197.8585256006,72.4533625563,34.4402698161,107.8528621622
pl,1475.2621753949,172.9658444251,50.750398586,40.1048741722,42.031435364
pl,2759.6858083806,233.8325798044,79.9426092906,47.5321907303,163.9221619579
qtz,13727.315980837,475.8270966584,159.5112412191,114.9920977931,12.6975455226
pl,767.2725009738,110.8863568186,35.9944550961,28.9249077897,81.3544019973
ksp,6713.3224841301,346.3046689908,126.7789541182,72.676400501,158.7510401903
pl,2226.9616491679,196.1719737887,61.4963603148,50.5684131767,129.1910063322
qtz,1021.7824037359,129.0005803892,47.6876753065,28.5153101059,155.3678484684
ksp,2098.4591002243,189.2464357934,75.779183006,36.8807225406,156.3626300917
qtz,284.4522442635,74.7437897293,29.5391515186,12.6679836704,38.0769309105
qtz,6984.0511552054,343.9570567429,111.5735867706,85.4250170442,102.6342419551
qtz,587.6184519653,107.9690245456,46.2995315801,16.950330893,78.7153165528
qtz,343.0893297037,71.1064645227,21.433877227,20.8580552987,34.7644859961
pl,1725.4274290191,211.7811755451,81.370084285,30.9099354918,66.7760866161
ksp,640.0175495928,97.6095503581,35.174122626,23.4805955114,23.6255771887
pl,5268.6045066868,319.5628804589,94.3546146089,77.4751355015,156.4899212445
pl,1319.9582211875,144.7831561921,52.8186070047,33.1872164587,123.2511391858
ksp,1257.5783430595,144.3059336427,57.0825860578,28.5439523543,152.1138418159
ksp,9003.9116089885,881.6311137246,196.3171635019,105.3760078551,34.453594648
ksp,948.1741475449,148.8079353408,43.1658283414,34.2043655747,53.2266943707
ksp,434.1639517705,104.671566891,43.5212850724,15.8581323263,148.7463556671
ksp,492.8010372108,92.5566636473,30.9450899062,21.7548744513,86.5900115365
ksp,281.9570491383,70.5231967399,26.02581451,14.5932932464,143.0527795527
ksp,321.8801711402,73.3013391361,23.8924192512,18.4985430169,126.145825911
qtz,354.3177077668,74.603107345,24.9764370499,18.6911187176,42.9159582923
pl,650.7432193974,103.8782136708,31.2478362895,27.5607574024,44.6449323485
qtz,331.6071402375,79.5404772658,33.767524265,12.7207989798,125.5762584891
pl,2353.7644312131,241.525574868,64.2566605942,50.3249629054,19.5156013483
ksp,610.0908025526,103.9956523992,30.4550267122,27.1776875879,83.5403530087
ksp,4385.5347444539,295.8055300058,82.0316583289,73.3195720422,60.4881896594
pl,278.7118373592,81.3734157515,31.9972595331,12.2752936737,56.6318817642
pl,1084.2334434666,167.2831700972,58.936447269,31.7868724552,125.6834126536
pl,1392.687355762,158.2307749983,49.5249849744,39.4841508102,177.1467162421
pl,251.051118886,63.9432969337,20.4507581939,16.3997965102,94.5224437082
ksp,1042.8194954552,149.454392538,53.7619661484,28.7259927047,59.4526824394
qtz,21223.4374691332,627.6163318643,189.9938549587,147.2026724314,40.0346041979
pl,5354.796885731,307.6638330864,94.4741301058,74.875646615,92.8347086837
ksp,5873.8175832283,352.4799334557,99.8279128547,82.4660770156,52.5281173779
pl,1963.6107565608,200.238014476,72.1659408338,40.1662126263,67.9331981868
pl,1154.3943768791,160.026322079,49.6605962576,34.3030028915,76.1196299635
qtz,1446.3432856809,152.3816757256,57.223340362,33.0673092406,84.1199317502
ksp,12636.3617717041,460.3463833743,144.1496483265,114.0834210087,36.9774896023
ksp,3659.0335612852,262.4048902481,95.125634093,52.9251794962,125.4083286466
pl,2544.4649851823,245.5095434683,88.2251189542,42.3158533972,0.3758460712
pl,1304.6331457497,161.8142082282,50.0073234648,38.1745454241,163.8465042621
ksp,3525.1732387556,279.4102706574,108.8243685375,45.6440405262,88.8591248237
pl,1325.5167138992,193.9029740818,76.4284718922,27.4945053731,86.8960261207
qtz,1120.0200016375,136.6108810532,43.3673646896,34.483292906,84.0920991451
ksp,377.4713115299,84.1127210547,28.3860121803,18.1887392854,144.0371495402
pl,327.11691337,76.2681002397,29.364923943,14.6415014156,100.6277510865
pl,235.7959393237,62.77892148,22.6941257539,13.6617671859,97.8312466412
qtz,212.091585635,60.4219385087,23.1650840815,12.1903969129,179.5984517209
ksp,5252.7118135351,315.2227389304,97.8597771367,70.8693416908,160.9021108356
ksp,11154.8712258126,470.4782920823,170.3043328237,88.2667934579,66.2224168537
ksp,14040.4514191394,566.8452073575,189.4286522972,103.3618040027,74.2917974539
qtz,601.1414433905,114.7782266594,47.1100320138,18.3944065919,81.3586230442
ksp,12126.506632679,505.765695416,146.8440812502,113.120354272,142.8356372996
ksp,85.6979127265,35.9785725253,12.0396845829,9.3404309154,174.2569184391
pl,490.7698192953,97.7955932956,36.1064582321,18.2296285716,100.7514310674
ksp,31545.0825672753,847.3065471813,255.4988227465,163.3679999104,55.5888624119
ksp,5108.91144995,334.5647824377,100.734507424,69.6542046099,100.3192130611
ksp,1.8463419053,7.5758598121,2.9495231866,0.9637589342,161.9984626014
ksp,16018.470078422,621.5059147592,184.7751737811,116.0511395932,169.5548551674
qtz,1016.487382966,145.2416451847,49.433127899,27.6850390082,151.5697166055
ksp,0.3464872978,2.8920395511,1.0139486543,0.5261135168,102.8626612515
pl,5544.6400769477,405.3491035042,143.5717614054,68.8301536084,178.4148798264
ksp,15668.4246195331,758.6531189279,205.1117100689,142.8157474895,62.1656555319
qtz,1693.6787306395,199.2326293637,78.013431696,32.3806465992,37.3815878374
pl,1701.5897009058,163.635036967,55.692876754,39.3976987097,83.6917785603
ksp,24058.6068541133,707.414203179,257.2897834677,133.3276439751,163.6790251228
pl,431.5574648819,89.2569341767,33.5647075744,17.736934564,37.7929547371
pl,4928.5357619552,287.690610854,99.4758066399,66.1547842048,102.1349200776
pl,2658.6462168051,228.4963306946,78.8491637877,47.9753877155,115.0872631982
pl,1185.1032915313,132.8734593255,40.9094568023,37.7913173906,8.0517911534
ksp,11478.3601740262,656.2957708022,207.7955652623,85.1085559675,56.6078217539
qtz,7991.9982895524,522.8643200685,173.3800934091,76.465903484,48.175232737
pl,1658.7098966075,197.3852611879,69.313726521,38.3485497312,99.1224116947
ksp,531.8886135172,109.8128125349,31.1661588597,24.5044994165,70.3735262093
ksp,6420.5898529553,367.3396350125,120.5747078825,72.5313974504,99.9652457195
pl,7719.2138734403,417.2639945623,162.8460933755,64.625075721,147.1611823564
pl,8659.3400465551,442.313873889,136.3398190727,90.5165081268,166.9341577868
ksp,1172.8537765519,138.4298155643,44.8644318058,34.6247357101,111.5867022623
ksp,2633.7853623107,293.3657145901,72.7369827718,70.0771610175,10.0975725316
pl,4032.0386142898,325.4790225508,116.3477272169,49.1389230765,142.7598331045
ksp,399.3743112365,81.0055405456,28.8914233351,18.1182393408,84.0415807498
qtz,400.1775000127,90.7340358033,31.523667526,18.3322717507,28.6890863866
ksp,3498.5855800102,271.7092533923,77.0805033589,61.947282804,168.1482747963
ksp,3680.9022516698,239.7631866198,72.4983544534,66.436205326,44.343440929
pl,2.6871332117,15.7903029318,7.0919150825,0.583356142,119.1712259855
pl,1595.3980998416,152.0055013906,47.7411554481,43.5685238421,64.8580865386
pl,1136.7141465398,146.7357550306,43.6780123968,35.33991998,133.9407058595
ksp,3085.0119355239,248.1017112964,86.9130628405,48.4868715113,42.271849817
pl,332.0833974527,69.8289806664,22.2560073989,19.5429342918,9.9116348557
pl,7681.4534427105,428.2322150137,147.2623089775,71.313033652,7.6688649482
pl,6193.5915519579,315.1228396257,107.1029403381,75.8608730357,16.2969822247
pl,1897.9582383792,234.5745817657,98.7957960911,26.9295676473,174.6230839088
pl,460.3303563884,89.9615280803,34.8466536599,17.2889136389,40.2372080811
ksp,28883.9253661699,1006.1367130983,244.6774101301,175.2569478547,26.0386061744
ksp,2769.1111109187,300.2814330505,122.5005352921,37.9759806837,61.633720026
pl,194.996170497,56.3357781393,20.5897139119,12.3705573559,69.6448787469
pl,1078.5285846187,142.791980291,42.3579820021,35.6452533893,137.7709610337
pl,972.2068163815,134.0560582081,46.4309285731,28.8569483314,15.0861003826
ksp,24320.4751351868,898.0477922832,238.9445605819,141.892205985,128.6786879876
qtz,1198.304989726,144.6476691686,53.4755660148,29.8464873004,100.9529435297
qtz,385.1393708756,84.0982383015,24.2613978069,23.1567813238,67.2143783315
pl,4459.7413738331,349.5798356124,118.9045106537,54.7856750502,42.0658756376
ksp,25565.1283990266,952.7047417057,250.9819684969,140.3062019798,77.4388669768
pl,143.1135783066,59.0979506942,25.8273683129,7.4878532547,118.5497592495
pl,97.937835912,39.3213596433,13.948939092,9.1597683334,101.6702644847
ksp,529.1760776801,90.6511831844,30.3311911865,22.9263976989,87.8700370239
ksp,454.6129727555,108.0821824602,42.0791282357,16.5046280243,11.488899026
ksp,361.9855963591,77.9448468242,26.141845988,18.7987779154,90.544094105
ksp,617.4497245176,121.8056364797,34.7739204911,27.943022312,61.5811667574
qtz,107.1431771808,40.7809555017,13.7420150751,10.6264798906,63.5130734858
pl,906.515522372,122.5205428305,42.1686164315,29.1517873549,167.1662013183
qtz,2614.7502152494,208.9251276132,67.7837579456,52.37499924,8.7439840741
ksp,843.5096085864,117.7083774745,39.164823574,28.498438399,123.9492489918
qtz,8452.5882206042,359.703834131,127.5476394401,85.9880518751,56.1067461478
pl,2017.4262067112,212.4443768139,64.0511806251,46.096874203,176.3359446777
pl,1574.2921266244,153.8759494393,46.9309474939,44.7774015183,137.6737236523
pl,1898.2205477405,173.4937776578,62.3245528832,39.9744265466,150.4650199388
pl,761.2317896229,125.2830936125,52.7306473469,19.8884713008,41.157289365
ksp,600.5632927493,101.7990924727,39.0015230236,20.2044995169,25.0435432551
pl,808.5253391059,128.4186095619,50.2649647502,22.4538303952,155.1904104641
pl,402.3190990262,115.1143649851,53.1369061288,13.4364187196,80.7866207816
qtz,1360.4993686877,158.4919230336,62.1011384489,28.8158143015,3.8182282783
qtz,4961.9355546568,374.140175172,128.452464954,58.058551014,25.7306959516
pl,2790.9672763365,281.4620728946,74.6352513052,63.9101920191,144.1694984081
ksp,255.2555958395,61.6388889081,19.6655366068,16.9839890767,72.4559413385
pl,2537.1687928337,219.8471264418,78.4690275236,44.8120950974,100.7777590717
ksp,18701.6497996105,630.2769693539,199.3976977545,123.9589437781,92.8561529866
qtz,8520.8536639424,504.9552041593,142.7084925732,90.8386389241,57.1284307612
ksp,3344.2472199497,309.3455213956,109.4291617394,47.8113137777,28.9427153309
pl,3851.2388527544,253.6909693107,83.4864348907,63.4173324198,158.5929479731
ksp,8597.803122962,486.1553482187,124.8380292747,96.6431259884,85.0926633664
pl,7397.74703374,485.8138062734,143.3113590491,84.164001255,42.9173916866
ksp,7621.5321542131,437.8683257146,112.2470608547,96.8631526907,70.1886066588
pl,2246.3978645588,235.0592346487,84.7566092867,36.2990361701,91.6157586802
pl,3858.5481001223,299.7565015383,92.2278100012,56.811520465,61.7106547422
ksp,1329.3296031778,156.0170039043,58.6228860085,32.2183709418,27.3174580188
pl,1001.1662192597,120.1748342003,39.9321883222,32.4043633702,97.760786258
pl,310.4630851917,90.9889023806,35.2246785501,12.8378885997,169.7508932862
ksp,163.7513299618,54.3236597111,19.3940308856,11.850691641,78.5165047404
ksp,269.9574917544,75.7910132449,25.5365063957,14.3158905281,42.6105171348
pl,168.5976323306,57.2670615236,19.6935536326,11.6116211911,30.6169923373
ksp,1834.0827203595,184.6011546854,62.1856009642,39.6706343113,74.6261459631
pl,4127.4959418617,291.0436978067,91.758541652,67.3564872975,73.2833973785
qtz,89971.3908475275,1832.7259745486,515.5664367757,255.2439047928,48.217912178
qtz,392.6652911209,85.0435157096,24.9657531955,21.8448360183,172.6679723633
ksp,870.3018785781,126.9246054618,46.3726009874,25.5275671754,178.7657010076
qtz,588.1263277533,101.2477486984,39.7784892203,19.6060881418,96.8669670224
ksp,2587.8697111558,202.5287734622,64.9052188335,52.3079452081,168.1813525492
ksp,548.3602959865,102.6499162767,40.7894386354,18.5470864081,102.1538585704
pl,1618.7309841479,167.9360912448,64.3393923033,33.9823277025,66.1126687792
qtz,1049.2021617366,195.5136510598,81.9912800628,20.1252459844,74.6104375938
qtz,896.0790523257,160.365168433,50.9826355697,34.4549714598,99.1315000217
ksp,1647.7897248816,199.2972503488,59.1827633422,40.4480883499,49.3828424417
ksp,588.7760458887,104.4218867173,38.9732326033,20.0401642104,175.1134870276
ksp,3943.1298089151,293.8683974472,94.0222372438,62.3624130896,173.4250521862
qtz,8267.9296654746,466.1761481296,120.9502112681,96.9384623051,58.8481907192
qtz,155.9014118217,52.8411787341,17.4929379768,11.859470218,28.0722460512
pl,4201.7555340145,368.2720356672,90.1127671809,72.7844056246,153.4151779225
qtz,563.8375536589,111.0106364578,35.3031182721,25.5918964913,69.2533165324
ksp,8705.6832142942,617.8724838216,160.0858118312,89.8183538774,107.1133609647
qtz,966.2416292418,120.4733856645,43.194468125,28.9802190377,84.7766185535
pl,3495.5846692739,298.2648646173,91.4896147665,57.0580928605,70.4420356412
pl,329.2854011806,79.6961606016,33.6136988701,12.6331637526,86.3016922193
ksp,4255.0075424578,335.2217893896,95.1278981565,65.8900181417,54.5416617755
ksp,7159.9238136391,614.6514495957,205.6458307098,60.7806027437,61.7828020778
qtz,47164.4362478171,965.8582474214,327.5429642671,209.0677375306,148.5770574707
qtz,3086.9082300207,239.0837282797,78.1135681587,54.3521538805,137.1987594784
ksp,4503.8955298129,269.0411292976,91.0656795512,68.6913266351,168.7332641406
ksp,3610.9419947367,266.6897028845,78.6884107248,67.0389899069,61.0482048052
pl,3258.7913048476,223.6373739226,79.6720119503,54.396020127,87.9870912966
pl,2223.3005857687,180.1583762679,66.4410844841,43.0177779256,94.1159320581
pl,1675.5106237188,160.6076306565,58.6152397349,36.8573330828,86.9532576967
qtz,1805.4709973684,198.3184534027,66.4022984613,41.5646207635,96.2767006283
ksp,2497.1955667936,205.6238038714,78.6555527625,41.3838547128,84.6369197828
pl,746.2240809556,107.0311544346,36.7372027354,26.6709654712,24.3568752027
pl,2723.5781531509,244.8993582204,99.266146443,40.161815957,38.6268171274
qtz,2386.7991203601,208.6508458126,72.1844448497,45.4136333271,57.9900677417
pl,5417.8104154777,356.7833627923,139.8081689064,53.3196376088,74.905283376
qtz,3342.6367072021,276.0145108008,102.165187179,48.0647435851,96.4808709802
pl,4038.553546745,257.0920429308,82.0346119257,65.3288653209,116.5554928327
qtz,13542.4299036353,574.1409078156,219.3665806392,86.2574652833,85.5873568473
ksp,347.9584197715,77.2313867179,23.4347590502,20.5729935193,161.8746937289
qtz,2272.6455224991,239.4288354407,85.0577139592,42.7603665604,94.9418452097
ksp,5593.8991628945,335.3303056992,105.2246004712,70.5208703514,9.738644732
qtz,16725.3565616052,658.3940629122,173.36775429,133.555875821,23.9305228944
ksp,0.4065424991,4.3096404215,1.7153438114,0.3648907696,84.3505338838
ksp,16011.4405111101,604.1634133946,219.8554954434,96.9601082801,112.9940139344
pl,614.3183099671,118.2440368416,42.799521531,21.3827370312,119.1140713019
pl,2314.4687197161,205.3348189666,63.000027015,52.024506997,1.1279649028
ksp,2140.9138972855,190.3911106186,64.4547336016,45.7252477522,44.0885326964
ksp,4502.6756012628,404.6198446196,166.9561139489,46.6206899992,39.6223107151
ksp,16557.824565623,593.5291071049,227.9295403614,97.5173762334,88.1689114773
ksp,1378.7335175998,164.2680538775,68.7225935702,26.2049645817,83.3548062704
pl,2706.5524735875,230.3335537981,76.3843799535,48.1138792067,92.2595894166
pl,166.1582121744,55.2767336174,16.8402810469,14.2102996464,94.466573616
ksp,22500.9280830708,902.8513219584,280.0853358106,144.4532880429,36.5273470089
qtz,9582.8440268001,510.7390528525,155.4848702898,91.4498259359,66.8752260577
pl,3626.3807443517,314.9604919829,100.8151889856,53.7933050221,76.7937655186
pl,1100.3150753768,134.5493907359,45.8214876865,32.044296672,137.3727247745
pl,2219.7946057961,206.5742070487,84.0587988877,35.6146825471,93.9327832223
ksp,7414.113983359,464.8535354131,140.18866758,97.0228596317,49.9138949552
pl,13591.2665587985,461.3861867075,142.110156936,124.877882389,91.0445391279
ksp,7845.8257618655,478.3099670644,193.840133817,56.3062245941,84.9178699324
ksp,1290.5426570249,154.7272199708,49.9708849684,36.785851083,20.4081730575
pl,1708.4764000472,175.551188396,66.4724685918,33.2996053157,81.0789339715
pl,875.6706996658,128.2150930231,46.7508602398,26.6987902621,49.9240176784
pl,2930.1288796508,249.4080386989,100.7255356895,39.2849059869,136.4829152409
pl,589.3937401597,102.470203016,35.4338271954,22.3700871997,7.8101164343
pl,927.7210559396,131.7843943495,51.1465234101,24.5088660349,164.8821433618
ksp,4009.5889996058,262.8208870966,86.7318420842,64.311115621,42.6623397698
ksp,581.0451059728,97.2338592066,30.9024811045,25.6587543176,16.7407147375
qtz,1410.0545179513,154.6502172501,51.6953593643,36.8931224083,62.1999895345
ksp,604.1017934909,115.027189232,41.6371507623,20.5826009043,57.131143837
ksp,3794.6158276749,278.2430204775,76.2161382178,67.2126585667,126.6480665149
pl,8789.2885812334,500.7722350127,148.2126617544,95.6871237582,80.7616037961
pl,450.1829356804,83.0170969543,26.5004494948,22.4275942227,72.5699689961
ksp,3375.8183319772,304.4353172259,94.6066117445,51.167075754,105.6226614785
pl,3681.7681073505,277.9590006453,85.9106519865,60.5538010223,41.1404343319
pl,1108.7196279483,132.5033849434,42.1402234456,35.3001967104,69.7992524327
pl,1897.9523561055,208.1352022705,64.538246333,42.0473762102,130.1908791634
pl,1649.7399963893,168.2847473311,55.3407794057,39.5888663974,64.5610351174
pl,6423.7168342882,344.1215971534,123.7405852495,70.2866967226,149.3731441048
qtz,13197.6515400406,592.1467753889,153.7569369319,123.3271496763,73.0819306989
pl,1504.9694119427,169.0518219538,55.6870173866,35.7551203315,97.8424749769
ksp,2610.0919380033,241.5427437928,96.500913999,38.5241840347,50.7229559588
pl,457.3742898769,131.2579703186,64.8659596081,10.4082645735,76.8974398015
pl,1462.6754184975,153.6275307343,48.7267414075,39.8407774529,89.3284434964
ksp,13168.9211966623,650.1062527967,214.6473311519,84.0255629132,61.3173874585
qtz,167.7889895237,53.6520087929,18.5750399772,12.3623392344,110.3040753949
pl,1082.9418509903,123.2691745611,39.7280675654,35.1303355486,116.2474396893
pl,265.8055979123,62.8020285166,19.1275266991,18.2381277049,62.9706153871
pl,5531.8498438715,330.4918657875,104.4923192263,72.4601209409,83.43526169
ksp,21194.0310708177,1222.1889590002,282.7620327789,173.5845006694,176.7729864582
ksp,9239.6223829979,620.4226197079,199.957140815,73.7465396511,61.8773846504
pl,1349.6275462262,151.8908658293,50.0125577713,35.6719515009,144.2274264607
pl,865.6517387579,138.6376425679,51.179260791,25.4670486772,15.7897679678
pl,1421.808621204,187.9201078732,62.0712907357,37.0818948609,64.9469274239
qtz,2632.2703917367,249.3931992722,71.5128394948,50.0508340636,86.1460392448
qtz,359.8523555638,76.5376390588,28.596861735,16.4873723875,83.9638974452
pl,19741.6615699619,692.2840174195,205.6563485296,129.2388145019,79.4352832838
qtz,620.8290638373,107.630257455,43.6914952019,18.5541401758,72.5019183039
qtz,9004.7116353743,356.4946611824,132.8294919947,86.8780856107,77.3911627768
qtz,33100.9648044988,840.995706831,382.7748772277,117.1377741176,93.8431908316
pl,6365.4523937243,382.4436262253,107.2030604351,83.3098588545,160.7091376341
pl,496.0092774331,92.9590635063,31.1019624605,22.0604105892,138.3365610832
pl,999.673019024,130.0589478289,39.9570655324,34.881497601,150.3916677953
ksp,8715.372890205,472.9827476763,169.8187269039,76.7397208079,98.4784298577
pl,2108.0394290905,205.3836844489,71.5760311944,43.5211790879,99.9458026562
qtz,9609.4143038497,456.929848876,139.1985210385,104.6516945858,58.3074225708
pl,512.8490985805,95.7564106369,35.1745968045,19.6016067164,137.0106512938
ksp,229.6339247375,58.9788868805,19.3170763337,15.5315228143,150.28191634
ksp,232.6957104007,65.0265628528,24.7843602767,12.4415115105,8.8699361918
ksp,180.6453541269,59.3696041354,23.2786126335,10.1182044494,3.3946933158
qtz,1166.5403376666,143.2974906517,58.9260065241,26.0534649837,108.0821383503
qtz,1050.1924824663,151.7525196487,68.4244389177,21.2818595563,82.8206870204
pl,2642.3210273132,254.8557222633,95.9345596797,43.8250487923,41.5587585888
qtz,1125.2062312139,143.4519267449,56.9983621468,26.4323735579,4.8035883189
ksp,4014.001004412,288.93061502,115.7977675615,49.4810159078,173.5545913989
ksp,1439.0392616885,147.0884800909,53.971458385,34.5211716693,167.2940547959
ksp,3806.0047167738,275.7001165027,93.2866303363,57.1257407905,22.0198626948
pl,4577.1644289776,317.7299901996,99.3561764692,69.3225554719,45.4406550471
ksp,857.2999856868,138.5363941988,46.6980538841,29.1251897244,58.4938291215
qtz,1088.4648032559,130.8130683474,48.0194838817,29.7145447059,17.9986538156
pl,3243.9619101255,235.3852581427,98.7974000359,42.1817053385,83.7681606143
qtz,3291.4195879046,242.8202163385,71.8335817341,63.068005138,59.5072623613
qtz,4258.9438574653,310.864617059,131.3455822385,45.0391692483,88.746882537
qtz,231.1648175691,64.0243205106,24.2523481549,12.4834835281,138.4927445056
qtz,298.5241021588,84.4662521638,33.503655989,12.4786621839,127.3456126747
pl,1106.8355172349,149.2956394614,63.5273744412,22.9852988857,90.7745956493
ksp,16558.1368664073,548.1819727527,184.1343367865,120.7431018561,107.6945798589
qtz,3317.5699502459,256.754196389,72.1578444537,64.1706278136,29.7261216432
pl,3313.6368294808,242.129600006,85.9483050766,53.385634701,98.8249442484
pl,578.4277558316,104.060449979,30.5470591111,25.7818618483,172.0578048542
pl,1719.6357337156,170.4432384865,60.0873900049,37.7794084294,117.5641143401
pl,10677.9786734547,486.581116503,169.8581564361,85.6831206657,109.9038658988
pl,2023.1746796212,231.8172925003,80.0752219495,42.1745736896,74.6071497475
pl,5136.4772983412,392.1859467471,98.6542580133,82.232997279,133.7136101442
qtz,1843.1348175193,189.2484023555,62.0027741134,41.6643569997,84.9086636312
pl,3478.5327417314,400.5871699417,90.6444502565,63.6248766316,0.9872590804
qtz,14833.8156014135,550.8153511984,187.9105725795,104.7288806824,79.7336750808
qtz,307.6537512714,72.8026674472,22.6005383525,18.9106245718,109.6723741049
qtz,1276.9997476071,171.9941842898,50.0532852158,39.0121026062,139.4719239629
qtz,452.36762063,97.6041850596,30.5573474964,21.8495981074,134.0124170106
qtz,1064.2154608036,147.3575247722,49.6626054492,31.0662175032,56.4841322724
pl,738.1722300887,117.5265937597,48.662789804,19.8653824744,100.6405137737
qtz,9507.3425415542,595.0168125629,236.4833274777,62.1164566346,103.7117929544
ksp,6902.5303753049,468.6306865953,161.005504273,84.080142558,16.321904971
pl,1174.6759395716,135.3671213117,45.347442751,34.5141764552,43.2343461288
pl,5557.6997056918,446.9663052043,141.0495174664,72.1242638045,70.8654196715
qtz,1272.4957592614,147.0640614881,54.3946737477,31.0797061318,164.7474696443
pl,5114.7950702996,314.6206540765,99.4197438494,70.8152853515,176.6204035827
ksp,682.3081919292,113.1790963013,40.9823928684,23.4749184217,86.1296506636
pl,2474.7098112802,281.7356896633,107.9842496051,36.3383908122,127.1974186597
pl,2117.0470184698,212.4380369849,59.9877452301,52.0618459608,38.8646428264
qtz,3291.9166775255,296.2753681422,87.2571690105,54.5561371948,40.7254386408
qtz,8753.124384748,377.9298579762,128.0473514934,88.9389698693,92.5213451221
pl,6866.5599280716,374.4666710818,117.9406070038,83.2469889108,94.8230555481
pl,6693.2276318481,381.9430185869,120.9791009562,84.0059280703,99.4343995613
pl,2921.1186592538,219.0546671763,65.9153632697,58.6342255126,156.3220580262
ksp,1091.1609513242,142.9056708162,44.4100834338,33.6931427716,42.0846756409
pl,1955.0102533717,181.6851926347,66.009494641,39.2496577115,92.8610286728
pl,1460.4717613307,166.1354676607,57.00706894,34.9531952705,154.5324620594
ksp,588.9575455753,95.3781271809,31.1059471789,24.9505191896,49.0726893004
pl,4554.1883326281,305.1797146485,111.5831728218,58.2640822441,135.2710890883
pl,1271.6347944607,136.8197778025,48.2504095172,34.0961969507,128.4439903053
qtz,1009.9562466588,168.4949059447,42.6987710288,39.0160074281,16.0926513439
pl,1446.3992816998,157.6213068321,54.9750586328,35.169600746,84.6897386608
pl,191.3616039479,58.0227669537,21.157598959,11.905482096,134.7401443445
ksp,1938.1103247847,201.0399039044,68.4964445613,42.1113568202,111.9572845622
ksp,2449.4285305336,210.8018773122,83.5020561144,38.2290186129,37.1178016602
qtz,2074.3597867957,188.7969131139,73.5906587322,36.7910593384,104.9111144508
qtz,609.2953469702,116.4105018451,40.9004298944,21.8170311091,141.3466338669
ksp,424.0573143486,81.7564905155,30.5683942922,17.9603848329,123.7247984493
ksp,1641.1171154575,173.5377173468,48.5396450944,47.5151030497,53.1128205889
ksp,604.7026684755,92.9956727836,30.596891298,25.6598010354,21.2535703366
ksp,9227.8377664359,440.2908450361,140.0580267641,87.3439341408,125.2774641498
ksp,7117.1835242983,509.9401890073,170.8761298556,68.8899630203,124.4384126169
ksp,6346.022660697,407.3530154107,125.9616638362,80.6543605444,118.9057935026
ksp,10804.3535759622,505.150405847,143.9513727673,102.3501682494,17.1511431961
qtz,3493.9179398567,275.3434629111,74.9071598325,71.9175400391,16.0705866122
qtz,5320.9644264959,317.53310493,104.1549573742,70.1090441066,94.3655936322
qtz,1103.3589489828,127.050655431,40.3247418741,35.3190130785,142.1195473863
ksp,4026.7695112985,245.1660588532,85.1424262111,60.7419867057,146.7126360455
ksp,12.9078816968,23.098076,9.2162559052,2.1562968879,103.7524685057
ksp,94106.9699143743,2103.1953873652,618.2447895736,217.5214507772,80.5643822842
qtz,1422.1994405411,143.8441284941,52.0896400158,35.1455176969,1.4419384464
pl,28415.5904885797,803.1898851792,274.0890061402,142.6343490664,112.3369956641
ksp,6115.9168621762,308.3889940228,95.0876875928,84.3220038936,141.7784123517
qtz,4358.4518915183,261.8916818686,93.4605063274,61.2577801391,14.9983525393
qtz,186.7689254532,59.4737718533,20.4711897118,12.8460917948,57.3987572564
ksp,3578.9767295953,232.8225902005,81.3561609093,57.0586385854,27.5507768964
pl,1965.6088385839,183.2189647282,58.73998482,45.4250034486,164.3190913444
pl,8943.3660736389,477.5519548226,167.6744495517,90.6951347977,44.3162856619
qtz,4403.3219327955,379.5495805109,103.7332329279,65.6314206633,139.0696779897
ksp,8693.90981011,587.8098449577,183.2232450123,95.1495897897,46.7346132955
qtz,2083.5952890703,202.2214383032,72.3757955034,38.7262457974,84.7352289733
pl,2190.5667906194,179.6951932242,59.3624768354,48.1918703463,76.2879043913
pl,484.8716651958,90.9615390292,32.3669381716,20.020741258,133.9835630569
pl,5951.6506287452,318.0522733174,104.2130923155,76.9623840248,179.9269672199
qtz,2888.6323451964,260.2666830557,84.8963677401,45.9571062643,43.2710509753
ksp,46520.0516254406,1174.2816169984,438.8300140843,151.103183994,65.8306898033
ksp,12967.575108899,762.5705140794,216.4396194472,121.2142899399,136.1237403364
pl,4604.6147836406,264.9994481883,95.8559685765,61.9188272275,48.3959064401
ksp,965.9718891732,127.8425534411,38.217307814,34.7515130895,10.207551941
pl,4393.9723748327,379.9117199238,106.4454216646,70.6776108781,139.9961893498
pl,12317.0939923669,941.5358014671,270.1597421387,80.0342597941,71.5118176498
pl,11771.2170399287,676.5127058038,200.3304635313,93.6961807918,116.5574619831
ksp,1083.3337872876,158.1065351885,55.584065717,29.5416448797,167.4906095973
ksp,2613.6842957872,256.9474487021,87.5922883682,45.5576610578,124.7772632675
ksp,2419.6268941523,194.4936205153,65.9502520502,47.5668632026,99.4170439888
pl,2788.3910748702,329.0727407437,104.4191746712,44.4262143001,14.3939187537
ksp,7891.0543917029,411.7553211814,117.7587154889,97.9906756616,97.935964407
qtz,102.9835575018,41.8114564288,14.2098599074,9.7941333688,47.691454862
qtz,111.6114134779,42.5677480929,14.5823594244,10.1261785602,148.0224668647
ksp,9383.4352554825,601.2627535479,146.626591304,94.6526695202,2.8496198931
qtz,911.8713712326,146.4759551254,58.8728879462,22.3987261025,83.6104086672
qtz,2087.8531165865,204.1461989241,68.0154099606,41.9648679168,73.5795383618
pl,1326.4463688759,180.5282593944,65.3727101029,29.4212835075,112.6062658198
pl,3599.3735083688,295.1513262098,102.6572582992,51.4521092589,26.7152459277
qtz,950.2646688112,124.9242789579,41.9653583272,31.0351763026,67.6985282078
pl,1936.1434421515,252.8707496856,98.7916707175,28.2667211238,99.8854550438
pl,2333.2632860647,274.7503273867,100.5253820857,33.5414326195,135.1022128578
ksp,2629.249864899,251.9882139456,91.4142879758,39.3468699778,99.1454583667
pl,2472.0143962444,220.9346148574,78.0488270099,44.2033242999,68.5525373598
ksp,5775.9385227969,476.8496079717,111.6338284409,94.5594844563,118.804594515
pl,1525.0167760694,178.3120056193,70.7093932804,29.6582173405,107.2431696604
ksp,2480.4837601709,263.0236305121,86.2444379277,48.9611051281,84.6646557936
pl,4445.6694099526,340.0758330302,112.736228051,58.0472555012,165.707170858
pl,4916.2582654639,355.3902912959,105.0830515859,75.2968850739,77.5366470208
pl,8375.4024915716,499.3342401531,118.9859890806,110.8081877005,48.2467142378
pl,322.1847063982,75.3740261603,25.4807065773,17.3318966738,59.7634290981
pl,7052.657792833,432.3514813015,140.0681936291,75.1808747366,97.8956062595
pl,6278.8476846789,462.7541393776,159.6623405536,66.7263151899,88.0584592465
pl,7420.7501892566,513.911976848,153.5123696678,75.7989460126,136.2086594538
ksp,10048.7182816334,472.412952975,173.5863755742,85.0263110993,5.8913399176
pl,3186.409307201,246.220515505,84.0347447351,52.2869081156,0.589964267
qtz,3142.7883343563,226.798575297,83.2139701303,49.2273563229,69.9803422741
ksp,6989.3005139038,336.448678331,129.9662338779,69.516386284,30.4883302166
ksp,2140.4578677013,211.4149876052,64.3071674436,47.146073919,28.5679824371
ksp,1042.8312637843,134.3299588353,41.689292766,33.4705840633,41.1099808728
pl,1306.4173222455,147.3489049296,47.9341533673,36.3722163732,128.3526445884
ksp,3127.0440520204,245.6217325528,79.0657279837,55.2800731946,119.6574617203
pl,9573.5801981899,869.5437218375,270.5664762485,97.8535819852,73.8864796909
pl,4681.2169819639,326.2942953469,117.763634468,63.5860797907,94.4680584175
pl,18786.3985299108,857.6445767837,195.9456235514,166.7260721947,147.5380989254
pl,2004.6239848897,191.3218104525,73.7249725153,36.3697092537,112.067017479
pl,2494.9477636895,262.1723815035,87.4666514918,47.1732493724,39.8507277675
ksp,8683.0204851203,523.7366071739,140.4492039266,107.0714250303,116.4618748062
pl,11464.6505785753,641.0449607266,170.5858466964,108.494971454,156.6695794796
ksp,3167.1715160359,262.4394598195,85.6525472476,51.1674481791,83.26204037
pl,13196.7056686103,644.3638103388,173.9650091204,126.5879552372,87.2046814763
pl,3391.0751740253,306.8227322385,90.9103692732,63.3087805127,143.8842331502
qtz,471.5981499532,96.1321981712,28.3741889213,22.1166862256,149.1402920541
ksp,25293.0611014287,1025.1870473296,319.3953581115,151.8995908861,89.1028229047
ksp,21754.6165780049,744.8082822779,239.4058302801,135.0934131427,118.683865176
pl,2631.9158782781,338.7198497362,138.974965954,36.5373525028,37.5210894038
pl,13469.7202372378,770.2008962451,192.829365925,102.3149689058,85.5283719013
pl,2268.8530138292,192.0193373049,65.9688880838,46.6961896082,128.3390388058
ksp,34846.2929693939,1213.1959615389,258.3648607888,218.9795284791,130.0503305204
pl,6410.3457819417,537.1537923597,252.2322879616,48.6959249644,99.016498052
pl,5995.4041972308,412.3926825325,116.1450624389,78.9159793895,178.8144076426
ksp,5321.4244377787,309.75638042,101.5638649096,69.3121940142,60.1251112138
ksp,79453.2300360287,1985.4426282415,548.6426784911,203.7623022451,93.6419809308
ksp,4025.974389395,316.5118403865,99.414524131,63.8068985307,106.8638153377
pl,7926.2795994392,539.3345662434,137.1977995498,90.5488391604,124.5234614838
ksp,12468.6020219285,684.4166204225,242.6050586834,75.6481467043,74.8416867586
ksp,4354.6300697325,294.4630396188,88.898351533,70.3379290622,20.6375901625
pl,3109.9518227918,244.3636609811,72.4809375192,60.2264827503,104.916075392
pl,1993.6395482523,187.1567862693,69.226723878,38.5764538725,103.1637201021
ksp,11392.5434956822,613.3809571443,188.0508049989,89.3831807566,58.4657307618
ksp,978.4765959175,153.0719815145,49.3875225196,30.5910146915,105.8497130379
qtz,8982.3887151507,538.0312582026,191.318290532,69.8736076368,127.509644095
ksp,7659.6373496205,470.688260799,138.2126391467,78.5607684854,119.0512453542
qtz,8719.694347761,492.1113450774,142.9671550586,91.7036732771,143.5506592956
pl,5077.4653106062,297.2801995566,112.6585199347,59.3667344777,138.9318258351
ksp,40965.2802827213,1230.479836781,323.3205973036,193.3317302409,111.108646726
ksp,16519.0133689147,617.158594806,202.6805047431,122.5347133782,75.30097353
pl,4538.4259205157,305.2860894489,107.4929723325,57.0266415311,101.2593503006
pl,855.1980619236,120.6633821958,42.8497579148,26.3878476613,75.2933566389
pl,7492.7389231467,444.7997250296,125.5389757029,84.8487571498,143.9838688358
pl,177.0666998871,62.4248493949,21.6675290654,12.4293495899,116.870686232
ksp,1602.7515471567,156.0540859027,50.4107253562,41.4950164375,135.8919665162
ksp,28640.6686440535,1118.7580358765,317.3890901162,153.8404399406,88.9090733501
qtz,3578.7713165268,252.1242259648,92.4424035938,53.5681627085,46.1807953757
ksp,1177.9412660336,173.3314479431,63.7105815558,25.2372986103,85.4010756827
pl,5026.6791527273,316.2776084557,130.8933303896,50.8653263505,87.2570772494
pl,3069.5739141439,270.4988319344,83.2967983027,60.3754379037,46.7634903918
ksp,4204.3534717848,323.5329137507,82.787695139,74.0268440593,98.3195439998
qtz,4049.5654034244,271.6298283765,81.9342879434,69.2030597626,66.5239066879
ksp,12147.9087139499,651.612514059,161.830360781,114.5016768568,110.9169067912
qtz,2920.4055692506,227.3989491628,80.5028922564,47.9569647419,146.2474357144
pl,18769.9641966505,790.2656538631,267.1929428334,101.2473607184,83.4843849814
ksp,11827.3257420212,732.1488680125,158.3912552352,127.3323656583,108.8145613997
qtz,1959.8401972413,208.9505333562,82.463405857,34.2212110958,72.7149446289
ksp,7350.8699407843,463.1407998736,181.9504201372,67.3427279586,79.2431965876
pl,5841.165084043,374.3524711543,99.7179780477,84.1480767661,93.7349344328
ksp,20204.5143038869,841.5588624885,178.7283003384,167.0638599353,169.0531833656
ksp,9042.6522244543,496.0319434117,136.8608614788,91.0247173265,25.4998582262
pl,9696.2277129931,523.0952686316,187.7173896868,74.197046513,145.0154536856
ksp,1444.8101404536,178.0534675181,51.4498433954,39.7430396531,148.4097828179
qtz,4844.4448837389,341.151069841,120.4553755197,57.7733522696,90.327323069
pl,1602.844794668,195.2909187892,68.8868882178,40.6835927972,75.1786565521
qtz,3772.0175040286,298.2751052474,107.9325056914,50.6945158335,178.590369908
ksp,10070.0480003935,480.814238678,150.1404144106,102.6208238977,18.0595017473
ksp,8263.6511504624,445.8682225694,147.4376854562,81.4737265631,87.8188725219
pl,2030.6871637928,229.9031607903,62.9166328618,49.8478512937,91.1989568634
ksp,132381.161252807,3237.5767641569,811.7924481951,242.8634756023,104.5819792908
pl,1673.8414433994,182.6549560267,71.4487531207,32.9431062091,97.8091911554
qtz,4720.0253243404,267.8941421582,86.8404665475,71.78006467,87.1078206334
qtz,6600.045240371,347.4824606341,112.8961632653,77.3021669076,93.4890514707
pl,2232.0449083612,186.8397273525,60.2835291438,48.2204846264,130.8716118092
pl,4733.960712489,300.0374599431,108.831282723,59.9421787074,112.6083269219
ksp,27014.6314360241,837.6233883034,252.6045303635,146.4971037279,33.859814593
pl,1662.7316091078,160.8705722822,51.5917037779,42.5954168772,15.3190269742
ksp,18498.5538669777,712.1047074559,230.5698871883,119.4769792452,84.2203404797
pl,2691.6615581532,200.5620120684,63.1062240533,55.5523680005,90.7168292825
ksp,17392.4475406036,666.4624973508,173.7236841353,144.1217311978,14.5533863077
ksp,3848.0587192326,287.7639231166,106.6974202964,52.6136917732,142.2083228578
pl,2812.2155602421,248.2168516944,86.9781244381,46.6998550326,168.1297908658
pl,3151.1750252356,326.4849741322,95.9328044724,52.3352494893,28.6852228804
ksp,4797.9807219767,512.9878307815,111.8951836895,100.0413240836,1.6281807715
ksp,27956.6294092493,910.3375968518,265.6258124989,182.9580687579,81.9492813624
pl,6028.1488322773,349.8602354764,140.5810590839,56.5340056937,23.1041191852
pl,5650.7542729753,310.366389068,123.27869476,59.7390670795,105.2488825872
ksp,11153.1372971322,736.5789536329,216.8750712817,105.0246329685,72.3540361279
qtz,3461.5854956608,247.9246715993,83.4035527957,53.6605093945,102.0293447467
ksp,2701.6044606978,281.9466668748,117.6255704322,32.9395363789,95.8735075961
qtz,319835.857201301,4324.9953562524,1440.9267258565,306.7071700506,87.3296948468
pl,21808.4889443508,700.9863327978,186.5712835099,154.8146717119,0.4430927193
pl,1705.8126550204,199.0459167929,57.0630981408,42.4801134656,0.9351680034
ksp,15231.4630238304,696.7580668412,218.7010458698,111.2803941306,115.254107185
qtz,1179.4292222706,151.3934514594,59.4757592784,25.5731782545,79.8590555881
pl,6645.6669515466,399.4031762003,132.0240986266,72.4585035221,63.6236590233
ksp,14876.0988574176,722.7302835126,229.8765553991,112.0559376046,131.8099172958
pl,3660.077504925,257.3845046105,79.8108194423,63.428444212,160.9110522588
ksp,34479.3486814531,1326.0896799388,274.2369500604,223.0513478336,144.6517114573
pl,3456.8480495873,226.6629319667,77.9949396068,57.0793532524,147.3892678842
qtz,1251.626251316,146.0728934128,56.5623633292,28.9904739189,63.6233229366
qtz,648.6081111586,104.5060416523,39.2563268131,21.6677130746,33.7021715343
ksp,2491.4746778416,235.5905550905,80.7273608177,43.9042537249,50.7596002274
ksp,8400.4140938862,631.3907083778,225.2891558758,83.7268068205,72.9027948322
qtz,7424.1873209537,592.7102172223,221.0894499796,54.1494006063,80.5938350357
qtz,290.6310454491,71.5272698159,27.8330177077,13.6082784518,68.8950238482
ksp,4215.4719707259,287.8352818631,91.2518666777,65.6833539663,17.5778954589
qtz,4077.9371447193,289.3105278058,97.6943505047,62.5383043545,31.7654807238
ksp,9882.6701327019,559.9812031024,168.4133947063,85.8052041737,45.2756245707
pl,4609.0561518651,442.7515417439,112.5973439652,66.0806288018,109.5893864282
pl,2688.360078941,305.8280462662,110.8256441185,43.4982302913,87.0229371934
qtz,500.501455873,91.2123565608,30.9236448797,21.6874528644,34.2961092122
ksp,5377.4013965448,349.8883302915,96.8315626793,77.7691811325,28.6782366893
pl,5526.0477337359,347.2414451471,103.0306210468,74.1738453259,81.6455221114
qtz,476.3459095459,89.6665291171,32.7227253922,19.2467609178,89.5922393607
ksp,8891.0511029695,581.8982083409,172.9076453617,90.6333263463,42.5561986505
qtz,1088.6079869787,135.9607572417,50.8933334037,28.4499561599,88.1525811647
qtz,671.966501437,107.8694405483,43.4684461042,20.0062818989,80.6734885812
pl,929.9487688888,155.5757185039,52.5390415509,30.0763844127,143.446879951
pl,1119.9074882645,139.3391011821,45.3663317403,32.3900245647,61.4013454972
ksp,6308.0622459125,600.8330747543,209.9557964333,75.8778386118,50.5631322795
pl,3100.3518089393,239.0343677796,76.4133278372,55.0449164886,23.2615762276
pl,1029.2936473333,132.5486693996,49.9325745659,26.6944714065,45.0334131824
ksp,24302.3952045599,884.242083857,224.7902902846,162.7931705307,43.3101508128
pl,7560.8458322937,479.6560223432,155.7942155479,82.420168912,20.5733699399
ksp,6243.6323067568,437.7033975127,151.4454765384,66.1305439829,117.7323568429
pl,2157.5947281353,257.4478910658,91.8889687637,37.7357855438,159.4143330285
ksp,15066.2955218572,583.9682877567,226.4346152251,89.2695422031,152.4051727817
pl,2392.7383598692,194.0372891079,62.9803419224,51.3074850292,167.0014495526
pl,2948.2678806765,244.0648867137,78.9280531517,52.7989612543,82.2559825202
pl,1550.8000704962,161.8318529902,53.2210750854,39.180543094,56.6724493866
ksp,26849.9294704679,1004.0329022794,240.8604268207,178.7264048295,29.3213858603
pl,2209.4617146317,200.040719993,79.5601470243,36.6765979756,109.5019877257
ksp,9568.8525623857,455.9145237578,130.945454214,101.5556443233,78.1183022336
pl,4807.7259816021,312.14461041,98.5606461748,67.8325171796,109.0124194503
qtz,6286.2797457488,413.6155867517,153.6386355443,61.9522821259,107.5538654505
ksp,4552.5194137699,340.1704344074,112.2229489629,58.3241479329,115.41836852
pl,402.2118420062,91.3608428274,35.021505215,16.2908636862,8.7149869938
pl,7850.6345061725,442.6407108147,144.9838133429,72.7577097998,62.2231403828
qtz,2581.4832837854,275.1760594982,126.013228889,27.4143869126,75.2965439353
pl,4732.2627657921,382.6982419537,105.7341057627,64.4070668989,84.1174011121
qtz,1042.5091172455,156.4711448186,68.5002134082,19.9150940042,86.856535353
qtz,7300.46416959,581.3218719815,194.3110733234,63.8774773234,84.2237362021
qtz,81089.2078065814,1562.978515457,566.9121843953,194.7065680754,69.6354710577
ksp,4820.0115598779,358.7333833672,107.527704645,68.1673091565,80.2200209248
ksp,1588.1695193076,197.4624289682,88.4531349044,23.8998313921,70.677527134
qtz,4940.9147132534,393.7172152113,152.7400851368,51.1194630075,72.0747347696
pl,11608.209308939,665.5481535545,240.626143781,95.7117394556,48.8371568818
qtz,36737.8067327866,1103.4896066446,366.8679169919,143.6710622081,78.4551257283
ksp,3889.2657684217,257.8255115373,76.2927565533,68.4687024129,79.9343037206
qtz,8476.1328779717,395.9760569054,122.2324387371,91.8511129583,51.6229101218
ksp,23287.3566868405,854.962689663,272.5123640143,138.39660763,53.9012638397
ksp,56743.9565034412,1363.5136547283,287.0296857179,282.0502700544,4.0422649991
pl,1117.9386980609,132.6427467566,46.3699030114,31.7338642817,130.3828190295
ksp,3752.8137562711,315.2911461262,90.2211908261,64.5867306207,64.1029061241
pl,2703.2402884473,221.15251641,65.1987562592,55.770914221,36.5593913952
ksp,39113.1586381535,1098.4738458161,380.7673903572,156.226063777,34.6850941203
pl,4678.4570830101,427.812789774,114.4350434386,81.9390061607,49.8192986415
pl,8783.4528599027,620.5227293667,152.6893155508,92.0254498125,104.2208585783
ksp,64681.7696555842,1704.606439083,471.9040381477,195.2075033401,61.9542127139
qtz,1421.1795699099,234.2075063509,115.1608076559,16.2338736137,123.8082094372
pl,1000.8099760743,140.4928710583,55.5761750758,24.4349317171,58.0078205199
pl,2511.1954974128,248.4775633918,110.8416547576,34.0944288628,54.5218110541
pl,1290.3520692268,149.7944412213,50.7739754777,33.7274077253,36.4509483247
ksp,850.1741165865,149.6706356379,57.8945660397,23.1539353052,47.8518102925
ksp,1673.6395936706,196.1249246289,71.192547673,35.3192788675,1.5496914763
qtz,4301.5250979936,516.7812916026,154.4831769292,80.5794981619,21.6730152517
pl,12828.9650573764,503.4356949274,185.6549213427,94.9100022123,49.1005763742
pl,2309.0276827152,200.1382930458,61.900327744,50.89520074,147.2864209833
ksp,91469.5663161863,2944.4642517372,503.3735157171,331.1447383942,31.0367559275
ksp,6544.5846557136,361.7154932014,98.0237020171,94.2351887087,6.8835251016
ksp,15388.2741798203,730.6975673987,205.8091716969,110.5415136237,112.9573474898
ksp,23421.4876542767,1123.589258973,254.9394117865,165.3290122928,56.2107351835
ksp,6123.9134822586,329.9742885631,102.5723341787,79.7701594543,46.0215060344
pl,1607.739519328,217.0816785603,71.7294756856,33.8552143635,10.0809909693
pl,2098.0518800746,192.0481058182,69.8444984205,40.728273102,93.4469270332
ksp,31120.9610001912,1161.1129479025,258.7116424197,175.3041387943,48.6516410375
qtz,34256.3393487985,928.4243747813,265.5449508333,180.4447498662,21.5417889184
pl,5792.848104398,352.3479664523,138.3862920142,55.1472214512,67.0124923826
ksp,41311.0654424417,971.4486699022,274.0307135345,210.6239927945,147.0736186525
pl,4597.0558504155,331.9198994056,106.6469070138,59.5548558801,38.0191496463
pl,17953.7128501595,869.4388307617,279.3984141487,111.8284887856,118.2590207485
pl,3734.4094891029,273.364355704,89.6863096459,57.3037603239,87.065311545
ksp,13629.3281669025,576.6122745385,161.7952809555,122.0278306182,141.331947839
pl,1772.1727827522,168.2087593173,55.6673002519,43.2531708951,109.0097318238
ksp,22760.1055934555,860.0877212393,252.3229385925,132.8532389359,84.6107987996
ksp,6044.9482768428,402.9787503513,117.3799915374,73.927734732,114.205819913
ksp,2563.2998574187,208.3392129495,69.5287719198,49.0997258618,64.4394574059
pl,4137.9367568854,288.2954009568,100.1507792386,56.2690838523,98.9598159394
pl,7893.5416755047,552.6807350603,153.5712966418,91.012049819,136.406584449
ksp,1471.7436743949,150.2109192433,50.5013216317,37.5437459995,54.5301732738
pl,5478.3772078974,443.0483278206,119.9365866105,81.1322569983,112.6085657877
ksp,3878.3638764603,388.9715479559,114.3910856429,66.4400825925,86.3833996223
ksp,3921.1410152251,325.7440612885,114.3418468376,53.0340642711,120.9496813948
pl,19742.3288298065,864.0719941233,263.9815930654,114.3303131236,52.8979976351
pl,1307.6559099064,145.7327168401,51.5430560019,32.7257436846,17.31766121
qtz,2022.9476851462,203.7464346716,80.4471164297,33.6569831089,77.2328520948
qtz,3258.3965198408,240.6327838932,81.0183855058,53.3230407356,68.1716359553
ksp,2497.8360667389,212.4034289274,72.5981527235,46.2593285901,58.0967940041
ksp,3809.376666876,322.3240158462,85.8308260334,66.0023686234,136.5876320485
qtz,2889.5091410744,309.4592629065,92.2168533727,49.0933402322,164.5544304404
qtz,4472.7785924074,304.6853347826,111.3602885558,55.8294908372,15.9289770364
ksp,26430.8656100847,1153.744119559,268.8137285862,177.3154660577,30.7223548608
ksp,2673.0046668911,223.3622254097,61.3593137047,57.4818203776,94.3139723636
qtz,1944.6316236793,207.0989415696,82.9598362683,36.4060506541,93.8258985201
pl,2521.5892320086,209.1164907942,73.0734766905,45.2705679589,167.1622000447
ksp,14278.3931835986,635.1369638781,156.5130647735,141.2911863634,25.8543246024
pl,6098.0945674176,385.8893527013,117.616075994,82.0546493486,177.3716352429
ksp,44614.3493884732,1202.9067979603,307.1229061846,218.7891403819,90.6044852236
ksp,9319.6185918492,602.5485654612,242.0196382021,57.5369634525,87.2001414259
pl,19951.3675363611,766.575797377,278.4535395287,98.9061170806,70.6261142029
ksp,9221.0983640791,637.1743098839,194.8187238032,78.7046540797,70.9957497041
ksp,9762.1493574711,608.5182025446,158.699329443,107.1848498729,0.5378961436
pl,3829.2151546048,252.0050257718,87.4504330049,57.7982577517,125.8999901098
qtz,279.6305004007,98.5853304406,41.7160735332,9.2636171178,67.5203169121
qtz,577.6966359797,155.7874542704,67.2029762043,11.6235500314,78.4824150385
qtz,0.0962917578,2.3454794106,1.0172909536,0.145731031,94.4855321882
ksp,8501.4797793355,485.8454527876,126.5259486509,104.8863729462,26.3428750911
qtz,7125.3112661037,424.2592544825,118.6314606706,90.0285593826,27.429300536
pl,858.7803227018,170.6451417864,66.755646493,20.4383218678,157.0312663535
qtz,506.1478389758,103.2243538453,39.7022515204,16.9884432806,119.2655543281
qtz,1367.1116205925,197.9178866082,59.9318270487,32.1571355483,79.2687410859
pl,18136.3079187647,1116.8916328491,263.3807716456,132.6540266054,31.2227720603
ksp,8733.4424870172,705.392517632,220.2881951863,135.5722679206,137.0583418004
qtz,714.0784567802,107.6179445311,34.6605882521,27.4721365823,139.05842686
pl,61.3379714599,32.5501103496,12.3604965359,6.4796684098,164.2028366524
qtz,19678.6736882571,592.8856665702,190.6632532212,148.5811692428,57.1582959994
ksp,254.6160939959,70.2317982016,20.95752856,17.1078177721,146.3747887645
pl,16353.3607465747,701.1676005391,174.5775629967,133.6465986251,66.0592091715
